<appian-plugin name="My Corp Connected System - APIKey Sample Template" key="com.mycorp.apikey">

  <plugin-info>
    <description>My Corp Connected System - API Key Sample Plug-in</description>
    <vendor name="My Corporation" url="http://www.mycorp.com"/>
    <version>1.0.0.0</version>
    <application-version min="7.6.0.4"/>
  </plugin-info>

  <connected-system-template key="APIKeyConnectedSystemTemplate" name="APIKeyConnectedSystemTemplate"
                             class="com.mycorp.apikey.templates.APIKeyConnectedSystemTemplate">

  <integration-template key="LocationSearchIntegrationTemplate" name="LocationSearchIntegrationTemplate"
  class="com.mycorp.apikey.templates.LocationSearchIntegrationTemplate"/>

  </connected-system-template>
</appian-plugin>
